No,Group,Route,Title,Kind,Purpose
1,00 — مركز قيادة الأدمن,/admin,مركز قيادة Jenan PRO,command,لوحة القيادة العليا لإدارة المنصة والذكاء والروبوتات والعمليات والتكاليف.
2,00 — مركز قيادة الأدمن,/admin/operations,مركز العمليات الحي,command,مراقبة التشغيل الفعلي للمنصة من مكان واحد.
3,00 — مركز قيادة الأدمن,/admin/users,إدارة المستخدمين,list,إدارة المستخدمين والحسابات والأدوار والحالة.
4,00 — مركز قيادة الأدمن,/admin/subscriptions,الاشتراكات والخطط,list,إدارة الخطط والاشتراكات والاستهلاك.
5,00 — مركز قيادة الأدمن,/admin/services,الخدمات والأقسام,matrix,رؤية حالة كل قسم وخدمة واستخدامها.
6,00 — مركز قيادة الأدمن,/admin/rbac,الأدوار والصلاحيات RBAC,matrix,التحكم في الأدوار والصلاحيات وفق مبدأ أقل صلاحية.
7,00 — مركز قيادة الأدمن,/admin/audit,سجل التدقيق,timeline,سجل مركزي للأحداث والتغييرات الحساسة.
8,01 — مصنع الروبوتات,/robots/factory,مصنع الروبوتات,factory,إنشاء هويات روبوتية دائمة وتخصيصها حسب التخصص والهدف.
9,01 — مصنع الروبوتات,/robots/factory/create-batch,إنشاء دفعة روبوتات,wizard,تهيئة دفعة جديدة دون إنشاء موارد تشغيلية دائمة غير لازمة.
10,01 — مصنع الروبوتات,/robots/factory/batches,دفعات مصنع الروبوتات,list,متابعة كل الدفعات منذ الإنشاء حتى التخرج أو الاستبعاد.
11,01 — مصنع الروبوتات,/robots/factory/batches/sample,تفاصيل دفعة روبوتات,detail,التفاصيل الكاملة للدفعة ومسارها الأكاديمي والتشغيلي.
12,01 — مصنع الروبوتات,/robots/factory/genetics,قواعد التوليد والاختيار,network,تحديد معايير الاختيار والتحسين والتنوع المهاري.
13,01 — مصنع الروبوتات,/robots/registry,سجل هويات الروبوتات,registry,السجل المركزي لكل هوية روبوتية دائمة.
14,01 — مصنع الروبوتات,/robots/profile/sample,ملف الروبوت,profile,ملف متكامل للهوية والمهارات والسجل والتقييمات.
15,02 — أكاديمية الروبوتات,/robot-academy,أكاديمية روبوتات Jenan PRO,academy,التعلم النظري والعملي والاختبارات والتخرج لكل روبوت.
16,02 — أكاديمية الروبوتات,/robot-academy/batches,دفعات الأكاديمية,list,عرض الدفعات ومراحل الدراسة الحالية.
17,02 — أكاديمية الروبوتات,/robot-academy/batches/sample,مسار دفعة داخل الأكاديمية,timeline,تتبع الرحلة الأكاديمية من القبول حتى التخرج.
18,02 — أكاديمية الروبوتات,/robot-academy/curriculum,المناهج والمسارات,academy,إدارة المناهج حسب التخصصات المختلفة.
19,02 — أكاديمية الروبوتات,/robot-academy/theory,الدراسة النظرية,learning,الدروس والمراجع والتقييمات النظرية.
20,02 — أكاديمية الروبوتات,/robot-academy/practical,التدريب العملي,learning,مختبرات ومهام عملية تحاكي العمل الحقيقي.
21,02 — أكاديمية الروبوتات,/robot-academy/exams,مركز الاختبارات,exam,جميع اختبارات الأكاديمية ومعايير النجاح.
22,02 — أكاديمية الروبوتات,/robot-academy/exams/sample,تفاصيل اختبار,exam,تفاصيل الاختبار والنتائج والتحقق.
23,02 — أكاديمية الروبوتات,/robot-academy/results/sample,نتيجة روبوت,profile,نتيجة روبوت واحدة وتفسير نقاط القوة والفجوات.
24,02 — أكاديمية الروبوتات,/robot-academy/graduation,التخرج والتوزيع,academy,اعتماد الخريجين ونقل مهاراتهم إلى مركز الذكاء ثم توزيعهم.
25,02 — أكاديمية الروبوتات,/robot-academy/elimination,الاستبعاد وإعادة التأهيل,list,متابعة الفاشلين أو غير المناسبين وسياسة الإعادة.
26,02 — أكاديمية الروبوتات,/robot-academy/specializations,التخصصات والمهارات,matrix,خريطة تخصصات الأكاديمية ومصفوفة المهارات.
27,02 — أكاديمية الروبوتات,/robot-academy/geography,التخصص الجغرافي,map,توزيع المعرفة والسلوك التجاري حسب الدولة والمدينة والقرية.
28,02 — أكاديمية الروبوتات,/robot-academy/reports,تقارير الأكاديمية,report-center,تقارير الأداء والنجاح والتخرج والتخصصات.
29,03 — الهيكل الإداري للروبوتات,/robot-org,الهيكل الإداري للروبوتات,org,موظفون → مشرفون → مديرون → اللجنة العليا → الأدمن.
30,03 — الهيكل الإداري للروبوتات,/robot-org/workers,الروبوتات الموظفة,list,الروبوتات العاملة موزعة على الأقسام والمهام.
31,03 — الهيكل الإداري للروبوتات,/robot-org/supervisors,المشرفون,list,المشرفون وحالة الفرق التي يديرونها.
32,03 — الهيكل الإداري للروبوتات,/robot-org/managers,المديرون,list,مديرو القطاعات والفرق.
33,03 — الهيكل الإداري للروبوتات,/robot-org/supreme-committee,اللجنة العليا — 50 روبوت,committee,لجنة المراجعة العليا للقرارات والتقارير عالية الأثر.
34,03 — الهيكل الإداري للروبوتات,/robot-org/supreme-committee/review/sample,ملف مراجعة اللجنة,committee,حزمة القرار والأدلة والآراء قبل رفعها للأدمن.
35,03 — الهيكل الإداري للروبوتات,/robot-org/escalations,مركز التصعيدات,list,التصعيدات من الموظفين والمشرفين والمديرين واللجنة.
36,04 — مركز المهام,/missions,Mission Control — مركز المهام,mission,تشغيل وتتبع جميع مهام الوكلاء والروبوتات.
37,04 — مركز المهام,/missions/create,إنشاء مهمة,wizard,تعريف الهدف والأولوية والأدوات والقيود وسياسة التنفيذ.
38,04 — مركز المهام,/missions/queue,طابور المهام,queue,عرض الأولويات والتخصيص والحمل.
39,04 — مركز المهام,/missions/sample,تفاصيل المهمة,mission-detail,الصفحة المركزية لمهمة واحدة من البداية حتى الإغلاق.
40,04 — مركز المهام,/missions/sample/dependencies,اعتماديات المهمة,network,رسم التبعيات بين الخطوات والمهام الفرعية.
41,04 — مركز المهام,/missions/sample/retry-fallback,Retry & Fallback,timeline,إدارة إعادة المحاولات وخطط البدائل.
42,04 — مركز المهام,/missions/sample/approvals,الموافقات والتصعيد,timeline,بوابات الموافقة حسب مستوى المخاطر.
43,04 — مركز المهام,/missions/sample/evidence,Evidence Pack — حزمة الأدلة,evidence,الأدلة التي دعمت تنفيذ المهمة ونتائجها.
44,04 — مركز المهام,/missions/sample/cost,تكلفة المهمة,finance,تكلفة النماذج والأدوات والوقت لكل مهمة.
45,04 — مركز المهام,/missions/reports,تقارير المهام,report-center,التقارير التشغيلية لمركز المهام.
46,05 — مركز الذكاء,/intelligence,مركز الذكاء,intelligence,المعرفة والخبرات والمهارات validated والقابلة للإصدار والاسترجاع.
47,05 — مركز الذكاء,/intelligence/knowledge,المعرفة المشتركة,knowledge,مستودع المعرفة المعتمدة القابلة لإعادة الاستخدام.
48,05 — مركز الذكاء,/intelligence/experiences,مكتبة الخبرات,knowledge,الخبرات المستخلصة من المهام الناجحة والفاشلة.
49,05 — مركز الذكاء,/intelligence/learning-logs,Learning Logs,timeline,سجل ما تعلّمته الأنظمة والروبوتات من التنفيذ.
50,05 — مركز الذكاء,/intelligence/evidence,قاعدة الأدلة,evidence,المصادر والأدلة المرتبطة بالمعرفة والمهام.
51,05 — مركز الذكاء,/intelligence/reviews,مراجعة واعتماد المعرفة,committee,مراجعة التغييرات قبل دمجها في المعرفة المشتركة.
52,05 — مركز الذكاء,/intelligence/versions,الإصدارات وRollback,timeline,إدارة إصدارات المعرفة مع إمكانية الرجوع الآمن.
53,05 — مركز الذكاء,/intelligence/skills,سجل المهارات,matrix,خريطة المهارات ومستوياتها ومصادرها.
54,06 — النماذج والأدوات,/models,Model Registry,registry,السجل المركزي للنماذج والمزودين والحالة والسياسات.
55,06 — النماذج والأدوات,/models/router,Model Router,network,قواعد توجيه المهام إلى النموذج الأنسب حسب الجودة والتكلفة والمخاطر.
56,06 — النماذج والأدوات,/models/executions,Model Executions,list,سجل تشغيل النماذج.
57,06 — النماذج والأدوات,/tools,Tool Registry,registry,الأدوات والتكاملات المتاحة للوكلاء.
58,06 — النماذج والأدوات,/tools/permissions,صلاحيات الأدوات,matrix,من يستطيع استخدام ماذا وتحت أي شروط.
59,06 — النماذج والأدوات,/tools/executions,Tool Executions,list,سجل استدعاءات الأدوات.
60,07 — الإيرادات والتكاليف,/finance,المركز المالي التشغيلي,finance,الإيرادات والتكاليف اليومية والشهرية وربحية الخدمات.
61,07 — الإيرادات والتكاليف,/finance/revenue,الإيرادات,finance,الإيرادات حسب الفترة والخدمة والمصدر.
62,07 — الإيرادات والتكاليف,/finance/costs,التكاليف,finance,كل التكاليف التشغيلية القابلة للتتبع.
63,07 — الإيرادات والتكاليف,/finance/ai-costs,تكاليف الذكاء,finance,تكلفة كل نموذج ومهمة وقسم.
64,07 — الإيرادات والتكاليف,/finance/service-profitability,ربحية الخدمات,matrix,الإيراد والتكلفة والهامش لكل خدمة.
65,07 — الإيرادات والتكاليف,/finance/ledger,Cost Ledger,list,السجل الدقيق للتكاليف المترابطة مع المهام والتنفيذات.
66,07 — الإيرادات والتكاليف,/finance/reports,التقارير المالية التشغيلية,report-center,تقارير الإيرادات والتكاليف والربحية.
67,08 — المراقبة والبنية,/observability,Observability Center,command,الحالة التشغيلية والأداء والأخطاء والتنبيهات.
68,08 — المراقبة والبنية,/observability/workers,Workers,queue,العمال الفعليون الذين ينفذون المهام عند الحاجة.
69,08 — المراقبة والبنية,/observability/queues,Queues,queue,قوائم الانتظار والأولوية والضغط.
70,08 — المراقبة والبنية,/observability/health,صحة الأنظمة,command,حالة قواعد البيانات وRedis والـAPIs والـWorkers.
71,08 — المراقبة والبنية,/observability/logs,السجلات,list,Logs مركزية مع البحث والفلترة.
72,08 — المراقبة والبنية,/observability/alerts,التنبيهات والحوادث,list,التنبيهات التشغيلية والحوادث.
73,08 — المراقبة والبنية,/observability/backups,النسخ الاحتياطية,timeline,حالة النسخ الاحتياطية واختبارات الاستعادة.
74,09 — التقارير العليا,/admin/reports,مركز التقارير العليا,report-center,تقارير الأدمن والذكاء والروبوتات والعمليات والمال.
75,09 — التقارير العليا,/admin/reports/robots,تقرير أداء الروبوتات,report,الأداء والجودة والتخصصات والاستبعاد والتوزيع.
76,09 — التقارير العليا,/admin/reports/academy,تقرير أكاديمية الروبوتات,report,الدفعات والاختبارات والنجاح والتخرج.
77,09 — التقارير العليا,/admin/reports/missions,تقرير المهام,report,الإنجاز والفشل والتكلفة والجودة.
78,09 — التقارير العليا,/admin/reports/intelligence,تقرير مركز الذكاء,report,المعرفة والتعلم والأدلة والإصدارات.
79,09 — التقارير العليا,/admin/reports/finance,التقرير المالي التشغيلي,report,الإيرادات والتكاليف والربحية.
80,09 — التقارير العليا,/admin/reports/system,تقرير صحة النظام,report,الأداء والحوادث والـWorkers والـQueues.
